<?xml version="1.0" encoding="utf-8"?>
<metafile version="3.7" client="administrator">
	<name>Русский (Россия)</name>
	<version>3.7.0.1</version>
	<creationDate>2017-05-11</creationDate>
	<author>Russian Translation Team</author>
	<authorEmail>smart@joomlaportal.ru</authorEmail>
	<authorUrl>www.joomlaportal.ru</authorUrl>
	<copyright>Copyright (C) 2005 - 2017 Open Source Matters. All rights reserved.</copyright>
	<license>GNU General Public License version 2 or later; see LICENSE.txt</license>
	<description>Russian language pack (administrator) for Joomla! 3.7.0</description>
	<metadata>
		<name>Русский (Россия)</name>
		<nativeName>Русский (Russia)</nativeName>
		<tag>ru-RU</tag>
		<rtl>0</rtl>
		<locale>ru-RU.utf8, ru-RU.UTF-8, ru_RU.utf8, ru-RU.UTF-8, ru-RU, ru_RU, ru, russian, russian-ru</locale>
		<firstDay>1</firstDay>
		<weekEnd>0,6</weekEnd>
		<calendar>gregorian</calendar>
	</metadata>
	<params />
</metafile>
