<?xml version="1.0" encoding="UTF-8" ?>
<extension type="package" version="3.7" method="upgrade">
	<name>Russian (ru-RU) Language Pack</name>
	<packagename>ru-RU</packagename>
	<version>3.7.0.1</version>
	<creationDate>2017-05-11</creationDate>
	<author>Russian Translation Team</author>
	<authorEmail>smart@joomlaportal.ru</authorEmail>
	<authorUrl>www.joomlaportal.ru</authorUrl>
	<copyright>Copyright (C) 2005 - 2017 Open Source Matters, Inc. All rights reserved.</copyright>
	<license>http://www.gnu.org/licenses/gpl-2.0.html GNU/GPL</license>
	<url>https://github.com/joomla/joomla-cms</url>
	<packager>Joomla! Project</packager>
	<packagerurl>www.joomla.org</packagerurl>
	<description>Joomla 3.7 Russian Language Package</description>
	<blockChildUninstall>true</blockChildUninstall>
	<files>
		<folder type="language" client="site" id="ru-RU">site_ru-RU</folder>
		<folder type="language" client="administrator" id="ru-RU">admin_ru-RU</folder>
	</files>
	<updateservers>
		<server type="collection" priority="1" name="Accredited Joomla! Translations">
			https://update.joomla.org/language/translationlist_3.xml
		</server>
	</updateservers>
</extension>
