<?xml version="1.0" encoding="utf-8"?>
<extension version="3.7" client="site" type="language" method="upgrade">
	<name>Chinese Simplified (zh-CN)</name>
	<tag>zh-CN</tag>
	<version>3.7.4.1</version>
	<creationDate>2017 July</creationDate>
	<author>Joomla!中文社区(www.ijoomla.cn) - 周永建 </author>
	<authorEmail>zhou_yongjian@hotmail.com</authorEmail>
	<authorUrl>www.ijoomla.cn</authorUrl>
	<copyright>版权所有 (C) 2017 Joomla!中文社区 www.ijoomla.cn</copyright>
	<license>GNU General Public License version 2 or later; see LICENSE.txt</license>
	<description>zh-CN 网站前台简体中文语言</description>
	<files>
		<folder>/</folder>
		<filename file="meta">install.xml</filename>
	</files>
	<params />
</extension>
