<?xml version="1.0" encoding="UTF-8" ?>
<extension type="package" version="3.7" method="upgrade">
	<name>Danish (da-DK) language pack</name>
	<packagename>da-DK</packagename>
	<version>3.7.4.1</version>
	<creationDate>Juni 2017</creationDate>
	<author>Danish Translation Team (Transl.: Ronny Buelund, Ole Bang Ottosen)</author>
	<authorEmail>dansk@danskjoomla.dk</authorEmail>
	<authorUrl>http://www.danskjoomla.dk</authorUrl>
	<copyright>Copyright (C) 2005 - 2017 Open Source Matters, Inc. All rights reserved.</copyright>
	<license>https://www.gnu.org/licenses/gpl-2.0.html GNU/GPL</license>
	<url>https://github.com/joomla/joomla-cms</url>
	<packager>Joomla! Project</packager>
	<packagerurl>www.joomla.org</packagerurl>
	<description><![CDATA[Danish language pack]]></description>
	<blockChildUninstall>true</blockChildUninstall>
	<files>
		<folder type="language" client="site" id="da-DK">site_da-DK</folder>
		<folder type="language" client="administrator" id="da-DK">admin_da-DK</folder>
	</files>
	<updateservers>
		<server type="collection" priority="1" name="Accredited Joomla! Translations">
			https://update.joomla.org/language/translationlist_3.xml
		</server>
	</updateservers>
</extension>
