<?xml version="1.0" encoding="utf-8"?>
<extension version="3.7" client="administrator" type="language" method="upgrade">
	<name>Danish (DK)</name>
	<tag>da-DK</tag>
	<version>3.7.4.1</version>
	<creationDate>Juli 2017</creationDate>
	<author>Danish translation Team</author>
	<authorEmail>mail@danskjoomla.dk</authorEmail>
	<authorUrl>http://www.danskjoomla.dk</authorUrl>
	<copyright>Copyright (C) 2005 - 2017 Open Source Matters. All rights reserved.</copyright>
	<license>GNU General Public License version 2 or later; see LICENSE.txt</license>
	<description>Danish language pack for Joomla! 3.x</description>
	<files>
		<folder>/</folder>
		<filename file="meta">install.xml</filename>
	</files>
	<params />
</extension>
